"manufacturer","model"
"Alfa Romeo","147"
"Alfa Romeo","159"
"Alfa Romeo","Brera"
"Alfa Romeo","Giulietta"
"Alfa Romeo","GT"
"Alfa Romeo","MiTo"
"Alfa Romeo","Spider"
"Aston Martin","DB9"
"Aston Martin","DBS"
"Aston Martin","Rapide"
"Aston Martin","Vanquish"
"Aston Martin","Vantage"
"Audi","A1"
"Audi","A3"
"Audi","A4"
"Audi","A5"
"Audi","A6"
"Audi","A7"
"Audi","A8"
"Audi","A8L"
"Audi","Q3"
"Audi","Q5"
"Audi","Q7"
"Audi","R8"
"Audi","RS3"
"Audi","RS4"
"Audi","RS5"
"Audi","RS6"
"Audi","S3"
"Audi","S4"
"Audi","S5"
"Audi","S6"
"Audi","S8"
"Audi","TT"
"Audi","TTC"
"Audi","TTS"
"Austin","7"
"Austin","Mini"
"Austin","Mini Moke"
"Bentley","Arnage"
"Bentley","Continental"
"Bentley","Flying"
"Bentley","Mulsanne"
"BMW","116"
"BMW","118"
"BMW","120"
"BMW","125"
"BMW","130"
"BMW","135"
"BMW","1M"
"BMW","216"
"BMW","218"
"BMW","220"
"BMW","316"
"BMW","318"
"BMW","320"
"BMW","325"
"BMW","328"
"BMW","330"
"BMW","335"
"BMW","420"
"BMW","428"
"BMW","430"
"BMW","435"
"BMW","520"
"BMW","523"
"BMW","525"
"BMW","528"
"BMW","530"
"BMW","535"
"BMW","628"
"BMW","630"
"BMW","640"
"BMW","645"
"BMW","650"
"BMW","728"
"BMW","730"
"BMW","740"
"BMW","750"
"BMW","760"
"BMW","ActiveHybrid"
"BMW","Alpina"
"BMW","M135"
"BMW","M235"
"BMW","M3"
"BMW","M4"
"BMW","M5"
"BMW","M6"
"BMW","X1"
"BMW","X3"
"BMW","X4"
"BMW","X5"
"BMW","X6"
"BMW","X6M"
"BMW","Z3"
"BMW","Z4"
"Catherham","Super Seven"
"Chana","Benni"
"Chery","A1"
"Chery","A168"
"Chery","A3"
"Chery","A5"
"Chery","H5"
"Chery","J3"
"Chery","QQ"
"Chery","T11"
"Chery","V5"
"Chevrolet","Aveo"
"Chevrolet","Aveo5"
"Chevrolet","Captiva"
"Chevrolet","Cruze"
"Chevrolet","Cruze5"
"Chevrolet","Epica"
"Chevrolet","Optra"
"Chevrolet","Orlando"
"Chevrolet","Spark"
"Chrysler","300C"
"Chrysler","Grand Voyager"
"Chrysler","PT Cruiser"
"Chrysler","Sebring"
"Daihatsu","Charade"
"Daihatsu","Copen"
"Daihatsu","Extol"
"Daihatsu","Hijet"
"Daihatsu","Materia"
"Daihatsu","S91RP"
"Daihatsu","S91RV"
"Daihatsu","Sirion"
"Daihatsu","Terios"
"Dodge","Caliber"
"Fiat","500"
"Fiat","Bravo"
"Fiat","Croma"
"Fiat","Doblo"
"Fiat","Ducato"
"Fiat","Fiorino"
"Fiat","Grande Punto"
"Fiat","Idea"
"Fiat","Panda"
"Fiat","Punto"
"Fiat","Qubo"
"Fiat","Scudo"
"Fiat","Stilo"
"Ford","Econ"
"Ford","Escape"
"Ford","Fiesta"
"Ford","Focus"
"Ford","Galaxy"
"Ford","Kugo"
"Ford","Mondeo"
"Ford","Ranger"
"Ford","S-Max"
"Ford","Transit"
"Geely","CK"
"Geely","MK"
"Hafei","Lobo"
"Hafei","Minz"
"Honda","Accord"
"Honda","Acty"
"Honda","Airwave"
"Honda","City"
"Honda","Civic"
"Honda","CR-Z"
"Honda","Crossroad"
"Honda","CRV"
"Honda","CRZ"
"Honda","Edix"
"Honda","Elysion"
"Honda","Fit"
"Honda","Freed"
"Honda","Insight"
"Honda","Integra"
"Honda","Jade"
"Honda","Jazz"
"Honda","Mobilio"
"Honda","Odyssey"
"Honda","Prelude"
"Honda","S2000"
"Honda","S600"
"Honda","Shuttle"
"Honda","Stepwagon"
"Honda","Stream"
"Honda","Vezel"
"Hummer","H3"
"Hyundai","Accent"
"Hyundai","Avante"
"Hyundai","Azera"
"Hyundai","Elantra"
"Hyundai","Getz"
"Hyundai","Grace"
"Hyundai","H100"
"Hyundai","HD50"
"Hyundai","i30"
"Hyundai","I40"
"Hyundai","I45"
"Hyundai","Matrix"
"Hyundai","Santa Fe"
"Hyundai","Scoupe"
"Hyundai","Sonata"
"Hyundai","Starex"
"Hyundai","Trajet"
"Hyundai","Tucson"
"Hyundai","Tuscani"
"Hyundai","Veloster"
"Hyundai","Verna"
"Infiniti","FX50"
"Infiniti","M25"
"Infiniti","M35"
"Infiniti","M37"
"Infiniti","Q50"
"Infiniti","QX70"
"Jaguar","E"
"Jaguar","F-Type"
"Jaguar","S-Type"
"Jaguar","X-Type"
"Jaguar","XE"
"Jaguar","XF"
"Jaguar","XJ"
"Jaguar","XK"
"Jeep","Cherokee"
"Jeep","Compass"
"Jeep","Grand Cherokee"
"Jeep","Wrangler"
"Kia","Carens"
"Kia","Carnival"
"Kia","Cerato"
"Kia","Cerato Forte"
"Kia","Cerato Forte Koup"
"Kia","Magentis"
"Kia","Optima"
"Kia","Picanto"
"Kia","Pregio"
"Kia","Rio"
"Kia","Sorento"
"Kia","Soul"
"Kia","Sportage"
"Lamborghini","Aventador"
"Lamborghini","Gallardo"
"Lamborghini","Huracan"
"Lamborghini","Murcielago"
"Land Rover","Defender"
"Land Rover","Discovery"
"Land Rover","Freelander"
"Land Rover","Range Rover"
"Land Rover","Range Rover Evoque"
"Land Rover","Range Rover Sport"
"Land Rover","Range Rover Vogue"
"Lexus","CT"
"Lexus","ES250"
"Lexus","ES300"
"Lexus","GS250"
"Lexus","GS300 "
"Lexus","GS350 "
"Lexus","GS450"
"Lexus","IS250"
"Lexus","IS350"
"Lexus","LS400"
"Lexus","LS460"
"Lexus","LS600"
"Lexus","NX200"
"Lexus","RX270"
"Lexus","RX300"
"Lexus","RX400"
"Lexus","RX450"
"Lexus","SC430"
"Lotus","Elan"
"Lotus","Elise"
"Lotus","Esprit"
"Lotus","Evora"
"Lotus","Exige"
"Maserati","Ghibli"
"Maserati","GranCabrio"
"Maserati","GranTurismo"
"Maserati","Quattroporte"
"Mazda","2"
"Mazda","3"
"Mazda","5"
"Mazda","6"
"Mazda","8"
"Mazda","CX-5"
"Mazda","CX-7"
"Mazda","Demio"
"Mazda","MX-5"
"Mazda","RX-8"
"McLaren","650s"
"McLaren","MP4-12C"
"Mercedes-Benz","190"
"Mercedes-Benz","200"
"Mercedes-Benz","230"
"Mercedes-Benz","260"
"Mercedes-Benz","280"
"Mercedes-Benz","500"
"Mercedes-Benz","A170"
"Mercedes-Benz","A180"
"Mercedes-Benz","A200"
"Mercedes-Benz","A45"
"Mercedes-Benz","A45 AMG"
"Mercedes-Benz","AMG"
"Mercedes-Benz","B160"
"Mercedes-Benz","B170"
"Mercedes-Benz","B180"
"Mercedes-Benz","B200"
"Mercedes-Benz","C180"
"Mercedes-Benz","C200"
"Mercedes-Benz","C230"
"Mercedes-Benz","C250"
"Mercedes-Benz","C280"
"Mercedes-Benz","C350"
"Mercedes-Benz","C63"
"Mercedes-Benz","CL500"
"Mercedes-Benz","CL55"
"Mercedes-Benz","CL600"
"Mercedes-Benz","CLA180"
"Mercedes-Benz","CLA200"
"Mercedes-Benz","CLA220"
"Mercedes-Benz","CLA250"
"Mercedes-Benz","CLA45"
"Mercedes-Benz","CLC180"
"Mercedes-Benz","CLK200"
"Mercedes-Benz","CLK230"
"Mercedes-Benz","CLK280"
"Mercedes-Benz","CLS350"
"Mercedes-Benz","CLS400"
"Mercedes-Benz","CLS63"
"Mercedes-Benz","E200"
"Mercedes-Benz","E220"
"Mercedes-Benz","E230"
"Mercedes-Benz","E250"
"Mercedes-Benz","E280"
"Mercedes-Benz","E300"
"Mercedes-Benz","E320"
"Mercedes-Benz","E350"
"Mercedes-Benz","E400"
"Mercedes-Benz","G350"
"Mercedes-Benz","G55"
"Mercedes-Benz","G63"
"Mercedes-Benz","GL350"
"Mercedes-Benz","GL450"
"Mercedes-Benz","GLA180"
"Mercedes-Benz","GLA200"
"Mercedes-Benz","GLA250"
"Mercedes-Benz","GLA45"
"Mercedes-Benz","ML250"
"Mercedes-Benz","ML300"
"Mercedes-Benz","ML350"
"Mercedes-Benz","ML400"
"Mercedes-Benz","ML500"
"Mercedes-Benz","ML63"
"Mercedes-Benz","R280"
"Mercedes-Benz","R300"
"Mercedes-Benz","R350"
"Mercedes-Benz","S280"
"Mercedes-Benz","S300"
"Mercedes-Benz","S320"
"Mercedes-Benz","S350"
"Mercedes-Benz","S400"
"Mercedes-Benz","S500"
"Mercedes-Benz","S600"
"Mercedes-Benz","SL280"
"Mercedes-Benz","SL300"
"Mercedes-Benz","SL320"
"Mercedes-Benz","SL350"
"Mercedes-Benz","SL500"
"Mercedes-Benz","SL55"
"Mercedes-Benz","SLK200"
"Mercedes-Benz","SLK230"
"Mercedes-Benz","SLK250"
"Mercedes-Benz","SLK280"
"Mercedes-Benz","SLK300"
"Mercedes-Benz","SLK350"
"Mercedes-Benz","SLK55"
"Mercedes-Benz","SLS"
"Mercedes-Benz","Viano"
"Mercedes-Benz","Vito"
"Mini","Cooper"
"Mini","Cooper Cabriolet"
"Mini","JCW"
"Mini","One"
"Mitsubishi","ASX"
"Mitsubishi","Canter"
"Mitsubishi","Colt"
"Mitsubishi","Delica"
"Mitsubishi","FTO"
"Mitsubishi","Fuso"
"Mitsubishi","Grandis"
"Mitsubishi","i"
"Mitsubishi","Lancer"
"Mitsubishi","Lancer Evolution"
"Mitsubishi","Outlander"
"Mitsubishi","Pajero"
"Mitsubishi","Rosa"
"Naza","Sutera"
"Nissan","200SX"
"Nissan","Almera"
"Nissan","Atlas"
"Nissan","Cabstar"
"Nissan","Caravan"
"Nissan","Cefiro"
"Nissan","Clipper"
"Nissan","Double-Cab Pickup"
"Nissan","Dualis"
"Nissan","Elgrand"
"Nissan","Fairlady"
"Nissan","GTR"
"Nissan","Juke"
"Nissan","Lafesta"
"Nissan","Latio"
"Nissan","Leaf"
"Nissan","March"
"Nissan","Murano"
"Nissan","Presage"
"Nissan","Presea"
"Nissan","Qashqai"
"Nissan","Serena"
"Nissan","Silvia"
"Nissan","Single-Cab"
"Nissan","Skyline"
"Nissan","Sunny"
"Nissan","Sylphy"
"Nissan","Teana"
"Nissan","Urvan"
"Nissan","X-Trail"
"Opel","Astra"
"Opel","Combo"
"Opel","Corsa"
"Opel","Insignia"
"Opel","Manta"
"Opel","Meriva"
"Opel","Vectra"
"Opel","Vivaro"
"Opel","Zafira"
"Perodua","Axia"
"Perodua","Kelisa"
"Perodua","Kembara"
"Perodua","Kenari"
"Perodua","Myvi"
"Perodua","Viva"
"Peugeot","107"
"Peugeot","2008"
"Peugeot","206"
"Peugeot","206CC"
"Peugeot","207"
"Peugeot","207CC"
"Peugeot","208"
"Peugeot","3008"
"Peugeot","307"
"Peugeot","307CC"
"Peugeot","308"
"Peugeot","308CC"
"Peugeot","308SW"
"Peugeot","407"
"Peugeot","408"
"Peugeot","5008"
"Peugeot","508"
"Peugeot","Expert"
"Peugeot","Partner"
"Peugeot","RCZ"
"Porsche","911"
"Porsche","944"
"Porsche","968"
"Porsche","Boxster"
"Porsche","Cayenne"
"Porsche","Cayman"
"Porsche","Macan"
"Porsche","Panamera"
"Proton","Arena"
"Proton","Exora"
"Proton","Gen 2"
"Proton","Persona"
"Proton","Saga"
"Proton","Satria Neo"
"Proton","Savvy"
"Proton","Waja"
"Proton","Wira"
"Renault","Captur"
"Renault","Clio"
"Renault","Fluence"
"Renault","Grand Espace"
"Renault","Grand Scenic"
"Renault","Kangoo"
"Renault","Koleos"
"Renault","Laguna"
"Renault","Latitude"
"Renault","Master"
"Renault","Megane"
"Renault","Modus"
"Renault","Scenic"
"Renault","Trafic"
"Riley","Kestrel "
"Rolls-Royce","Ghost"
"Rolls-Royce","Phantom"
"RUF","3800S "
"Saab","9-3"
"Saab","9-5"
"Skoda","Fabia"
"Skoda","Octavia"
"Skoda","Roomster"
"Skoda","Superb"
"Skoda","Yeti"
"Ssangyong","Actyon"
"Ssangyong","Korando"
"Ssangyong","Musso"
"Ssangyong","Stavic"
"Subaru","BRZ"
"Subaru","Exiga"
"Subaru","Forester"
"Subaru","Impreza"
"Subaru","Impreza WRX"
"Subaru","Impreza WRX STI"
"Subaru","Legacy"
"Subaru","R1"
"Subaru","R2"
"Subaru","Tribeca"
"Subaru","XV"
"Suzuki","Alto"
"Suzuki","APV"
"Suzuki","Cappuccino"
"Suzuki","Carry"
"Suzuki","Every"
"Suzuki","Grand Vitara"
"Suzuki","Jimny"
"Suzuki","Kizashi"
"Suzuki","Liana"
"Suzuki","Solio"
"Suzuki","Swift"
"Suzuki","Swift Sport"
"Suzuki","SX4"
"Suzuki","Vitara"
"Toyota","86"
"Toyota","Allion"
"Toyota","Alphard"
"Toyota","Aqua"
"Toyota","Auris"
"Toyota","Avanza"
"Toyota","bB"
"Toyota","Belta"
"Toyota","Caldina"
"Toyota","Camry"
"Toyota","Celica"
"Toyota","Corolla Altis"
"Toyota","Corolla Axio"
"Toyota","Corolla Fielder"
"Toyota","Corona"
"Toyota","Crown"
"Toyota","DYNA"
"Toyota","Estima"
"Toyota","Fortuner"
"Toyota","Harrier"
"Toyota","Hiace"
"Toyota","ISIS"
"Toyota","IST"
"Toyota","Liteace"
"Toyota","Mark X"
"Toyota","MRS"
"Toyota","Picnic"
"Toyota","Prado"
"Toyota","Premio"
"Toyota","Previa"
"Toyota","Previa"
"Toyota","Prius"
"Toyota","Ractis"
"Toyota","Rav4"
"Toyota","Regius"
"Toyota","Rush"
"Toyota","Sienta"
"Toyota","Townace "
"Toyota","Vanguard"
"Toyota","Vellfire"
"Toyota","Vios"
"Toyota","Vitz"
"Toyota","Voxy"
"Toyota","Wish"
"Toyota","Yaris"
"Triumph","Spitfire"
"Volkswagen","Beetle"
"Volkswagen","Caddy"
"Volkswagen","CC"
"Volkswagen","CrossPolo"
"Volkswagen","EOS"
"Volkswagen","Golf"
"Volkswagen","Golf GTI"
"Volkswagen","Golf R"
"Volkswagen","Jetta"
"Volkswagen","New Beetle"
"Volkswagen","Passat"
"Volkswagen","Phaeton"
"Volkswagen","Polo"
"Volkswagen","Scirocco"
"Volkswagen","Sharan"
"Volkswagen","Sportsvan"
"Volkswagen","Tiguan"
"Volkswagen","Touareg"
"Volkswagen","Touran"
"Volvo","C30"
"Volvo","C70"
"Volvo","S40"
"Volvo","S60"
"Volvo","S80"
"Volvo","V40"
"Volvo","V50"
"Volvo","V60"
"Volvo","V70"
"Volvo","XC60"
"Volvo","XC70"
"Volvo","XC90"
