"manufacturer","model"
"Alfa Romeo","159"
"Alfa Romeo","1750"
"Alfa Romeo","Belina"
"Alfa Romeo","Brera"
"Alfa Romeo","Giulietta"
"Alfa Romeo","MiTo"
"Alfa Romeo","Spider"
"Ankai","HFF6107K05"
"Aston Martin","DB11"
"Aston Martin","DB9"
"Aston Martin","DBS"
"Aston Martin","Lagonda"
"Aston Martin","Rapide"
"Aston Martin","V8"
"Aston Martin","Vanquish"
"Audi","A1"
"Audi","A3"
"Audi","A4"
"Audi","A5"
"Audi","A6"
"Audi","A7"
"Audi","A8"
"Audi","A8L"
"Audi","Q2"
"Audi","Q3"
"Audi","Q5"
"Audi","Q7"
"Audi","R8"
"Audi","RS3"
"Audi","RS4"
"Audi","RS5"
"Audi","RS6"
"Audi","RS7"
"Audi","S3"
"Audi","S4"
"Audi","S5"
"Audi","S6"
"Audi","S8"
"Audi","SQ5"
"Audi","TT"
"Audi","TTRS"
"Audi","TTS"
"Austin","Mini"
"Austin","Prin"
"Bentley","Bentayga"
"Bentley","Continental"
"Bentley","Flying"
"Bentley","Mulsanne"
"Bertone","X1/9"
"BMW","116d"
"BMW","116i"
"BMW","118i"
"BMW","120i"
"BMW","125i"
"BMW","130i"
"BMW","135i"
"BMW","1M"
"BMW","216d"
"BMW","216i"
"BMW","218i"
"BMW","220i"
"BMW","225xe"
"BMW","228i"
"BMW","230i"
"BMW","3.0A"
"BMW","316i"
"BMW","318Ci"
"BMW","318i"
"BMW","318IS"
"BMW","320D"
"BMW","320i"
"BMW","320iM"
"BMW","323i"
"BMW","325Ci"
"BMW","325i"
"BMW","328i"
"BMW","330i"
"BMW","335i"
"BMW","340i"
"BMW","420i"
"BMW","428i"
"BMW","430i"
"BMW","435i"
"BMW","440i"
"BMW","520d"
"BMW","520i"
"BMW","523i"
"BMW","525i"
"BMW","528i"
"BMW","530i"
"BMW","535d"
"BMW","535i"
"BMW","540i"
"BMW","550i"
"BMW","630Ci"
"BMW","630i"
"BMW","640i"
"BMW","650i"
"BMW","728IA"
"BMW","730i"
"BMW","730Li"
"BMW","740i"
"BMW","740Le"
"BMW","740Li"
"BMW","750i"
"BMW","750Li"
"BMW","ActiveHybrid"
"BMW","ALPINA"
"BMW","i3"
"BMW","i8"
"BMW","M135i"
"BMW","M140i"
"BMW","M2"
"BMW","M235i"
"BMW","M240i"
"BMW","M3"
"BMW","M4"
"BMW","M5"
"BMW","M6"
"BMW","X1"
"BMW","X2"
"BMW","X3"
"BMW","X4"
"BMW","X5"
"BMW","X6"
"BMW","Z3"
"BMW","Z4"
"Chery","A1"
"Chery","QQ"
"Chery","T11"
"Chery","V5"
"Chevrolet","Aveo"
"Chevrolet","Aveo5"
"Chevrolet","Captiva"
"Chevrolet","Cruze"
"Chevrolet","Cruze5"
"Chevrolet","Epica"
"Chevrolet","Malibu"
"Chevrolet","Optra"
"Chevrolet","Orlando"
"Chevrolet","Sonic"
"Chevrolet","Spark"
"Chrysler","300C"
"Chrysler","Grand"
"Chrysler","Sebring"
"Citroen","Berlingo"
"Citroen","C3"
"Citroen","C4"
"Citroen","C5"
"Citroen","Dispatch"
"Citroen","DS3"
"Citroen","DS4"
"Citroen","DS5"
"Citroen","Grand"
"Citroen","Nemo"
"DAF","FA"
"Daihatsu","Copen"
"Daihatsu","Extol"
"Daihatsu","Hijet"
"Daihatsu","Materia"
"Daihatsu","Move"
"Daihatsu","Sirion"
"Daihatsu","Terios"
"Daihatsu","YRV"
"Dodge","Journey"
"Ferrari","308G"
"Ferrari","328"
"Ferrari","360"
"Ferrari","458"
"Ferrari","488"
"Ferrari","599"
"Ferrari","612"
"Ferrari","California"
"Ferrari","Dino"
"Ferrari","F12berlinetta"
"Ferrari","F355"
"Ferrari","F430"
"Ferrari","F612S"
"Ferrari","Mondial"
"Ferrari","Testarossa"
"Fiat","500"
"Fiat","Bravo"
"Fiat","Cinquecento"
"Fiat","Doblo"
"Fiat","Fiorino"
"Fiat","Grande"
"Fiat","Panda"
"Fiat","Panorama"
"Fiat","Punto"
"Fiat","Qubo"
"Fiat","Scudo"
"Ford","Anglia"
"Ford","Fiesta"
"Ford","Focus"
"Ford","Galaxy"
"Ford","Kuga"
"Ford","Mercury"
"Ford","Mondeo"
"Ford","Mustang"
"Ford","Ranger"
"Ford","S-Max"
"Foton","BJ6103"
"Foton","BJ6800"
"Geely","CK"
"Geely","MK"
"Golden Dragon","XML6118"
"Golden Dragon","XML6957"
"Hafei","Minz"
"Higer","KLQ6108"
"Higer","KLQ6910Q"
"Higer","KLQ6916"
"Hino","FD7JPMA"
"Hino","FD8JJKA"
"Hino","FD8JLKA"
"Hino","FD8JPKA"
"Hino","FS1ELKD"
"Hino","FS1ETKA"
"Hino","FS1ETLA"
"Hino","FS1ETMA"
"Hino","FY1ETKM"
"Hino","GH8JRKA"
"Hino","GH8JRMA"
"Hino","SH1EEKA"
"Hino","XKU710R"
"Hino","XZU405R"
"Hino","XZU415R"
"Hino","XZU700R"
"Hino","XZU710R"
"Honda","Accord"
"Honda","Acty"
"Honda","Airwave"
"Honda","City"
"Honda","Civic"
"Honda","CR-V"
"Honda","CR-Z"
"Honda","Crossroad"
"Honda","Edix"
"Honda","Fit"
"Honda","Freed"
"Honda","Grace"
"Honda","HR-V"
"Honda","Insight"
"Honda","Integra"
"Honda","Jade"
"Honda","Jazz"
"Honda","Mobilio"
"Honda","Odyssey"
"Honda","Prelude"
"Honda","S2000"
"Honda","Shuttle"
"Honda","Stepwagon"
"Honda","Stream"
"Honda","Vezel"
"Hyundai","Accent"
"Hyundai","Avante"
"Hyundai","Azera"
"Hyundai","Elantra"
"Hyundai","Genesis"
"Hyundai","Getz"
"Hyundai","HD50"
"Hyundai","i30"
"Hyundai","i40"
"Hyundai","i45"
"Hyundai","Ioniq"
"Hyundai","Matrix"
"Hyundai","Santa"
"Hyundai","Sonata"
"Hyundai","Starex"
"Hyundai","Trajet"
"Hyundai","Tucson"
"Hyundai","Tuscani"
"Hyundai","Veloster"
"Hyundai","Verna"
"Infiniti","M25"
"Infiniti","M35h"
"Infiniti","M37"
"Infiniti","Q30"
"Infiniti","Q50"
"Infiniti","Q60"
"Infiniti","Q70"
"Infiniti","QX80"
"Isuzu","CYH52S"
"Isuzu","CYH52T"
"Isuzu","CYZ52K"
"Isuzu","CYZ52L"
"Isuzu","CYZ52R"
"Isuzu","EXR52E"
"Isuzu","FRR34S"
"Isuzu","FRR90"
"Isuzu","FSR34P"
"Isuzu","FTR34P"
"Isuzu","FVR34"
"Isuzu","LT134P"
"Isuzu","NHR85A"
"Isuzu","NHR85E"
"Isuzu","NHR87A"
"Isuzu","NJR85A"
"Isuzu","NMR85"
"Isuzu","NNR85"
"Isuzu","NPR58G"
"Isuzu","NPR66G"
"Isuzu","NPR75"
"Isuzu","NPR75L"
"Isuzu","NPR75U"
"Isuzu","NPR85"
"Isuzu","TFR69H"
"Isuzu","TFR86"
"Isuzu","TFR86H"
"Iveco","Stralis"
"Iveco","Trakker"
"JAC","N-Series"
"Jaguar","E-PACE"
"Jaguar","E-Type"
"Jaguar","F-PACE"
"Jaguar","F-Type"
"Jaguar","S-Type"
"Jaguar","Sovereign"
"Jaguar","X-Type"
"Jaguar","XE"
"Jaguar","XF"
"Jaguar","XJ"
"Jaguar","XJ6"
"Jaguar","XJ8"
"Jaguar","XK"
"Jaguar","XKR"
"Jeep","Cherokee"
"Jeep","Compass"
"Jeep","Grand"
"Jeep","Patriot"
"Jeep","Renegade"
"Jeep","Wrangler"
"Joylong","HKL6540"
"Kia","Carens"
"Kia","Cerato"
"Kia","Forte"
"Kia","K2500"
"Kia","K2700"
"Kia","K2900"
"Kia","Magentis"
"Kia","Niro"
"Kia","Optima"
"Kia","Picanto"
"Kia","Pregio"
"Kia","Rio"
"Kia","Sorento"
"Kia","Soul"
"Kia","Sportage"
"King Long","XMQ6110K"
"King Long","XMQ6117K"
"King Long","XMQ6120K"
"King Long","XMQ6800K"
"King Long","XMQ6900K"
"Lamborghini","Aventador"
"Lamborghini","Diablo"
"Lamborghini","Gallardo"
"Lamborghini","Huracan"
"Land Rover","Defender"
"Land Rover","Discovery"
"Land Rover","Freelander"
"Land Rover","Range"
"Lexus","CT"
"Lexus","ES"
"Lexus","ES250"
"Lexus","ES300F"
"Lexus","GS"
"Lexus","GS250"
"Lexus","GS300"
"Lexus","GS350"
"Lexus","GS450h"
"Lexus","IS"
"Lexus","IS200"
"Lexus","IS250"
"Lexus","IS250C"
"Lexus","LS350"
"Lexus","LS460"
"Lexus","LS460L"
"Lexus","LS600HL"
"Lexus","NX"
"Lexus","RC"
"Lexus","RC200T"
"Lexus","RC350"
"Lexus","RX"
"Lexus","RX270"
"Lexus","RX350"
"Lexus","RX400h"
"Lexus","RX450h"
"Lexus","SC430"
"Lotus","Elan"
"Lotus","Elise"
"Lotus","Esprit"
"Lotus","Evora"
"Lotus","Exige"
"MAN","TGL"
"MAN","TGS"
"Maserati","Biturbo"
"Maserati","Coupe"
"Maserati","Ghibli"
"Maserati","GranCabrio"
"Maserati","GranTurismo"
"Maserati","Levante"
"Maserati","Quattroporte"
"Maxwell","Tourer"
"Maybach","62"
"Mazda","2"
"Mazda","3"
"Mazda","323"
"Mazda","5"
"Mazda","6"
"Mazda","8"
"Mazda","Atenza"
"Mazda","Biante"
"Mazda","CX-3"
"Mazda","CX-5"
"Mazda","CX-7"
"Mazda","CX-9"
"Mazda","Demio"
"Mazda","MX-5"
"Mazda","RX-8"
"Mazda","RX7"
"McLaren","12C"
"McLaren","650S"
"Mercedes-Benz","190E"
"Mercedes-Benz","200"
"Mercedes-Benz","200E"
"Mercedes-Benz","230.6"
"Mercedes-Benz","230CE"
"Mercedes-Benz","230E"
"Mercedes-Benz","230S"
"Mercedes-Benz","250SL"
"Mercedes-Benz","280S"
"Mercedes-Benz","280SE"
"Mercedes-Benz","280SL"
"Mercedes-Benz","300SE"
"Mercedes-Benz","300SEL"
"Mercedes-Benz","300SL"
"Mercedes-Benz","450SL"
"Mercedes-Benz","A170"
"Mercedes-Benz","A180"
"Mercedes-Benz","A180d"
"Mercedes-Benz","A200"
"Mercedes-Benz","A220"
"Mercedes-Benz","A250"
"Mercedes-Benz","A45"
"Mercedes-Benz","Actros"
"Mercedes-Benz","AMG"
"Mercedes-Benz","B160"
"Mercedes-Benz","B170"
"Mercedes-Benz","B180"
"Mercedes-Benz","B200"
"Mercedes-Benz","C180"
"Mercedes-Benz","C180K"
"Mercedes-Benz","C180ML"
"Mercedes-Benz","C200"
"Mercedes-Benz","C200K"
"Mercedes-Benz","C220"
"Mercedes-Benz","C230"
"Mercedes-Benz","C250"
"Mercedes-Benz","C280"
"Mercedes-Benz","C300"
"Mercedes-Benz","C350"
"Mercedes-Benz","C350e"
"Mercedes-Benz","C43"
"Mercedes-Benz","C63"
"Mercedes-Benz","Citan"
"Mercedes-Benz","CL500"
"Mercedes-Benz","CLA180"
"Mercedes-Benz","CLA200"
"Mercedes-Benz","CLA250"
"Mercedes-Benz","CLA45"
"Mercedes-Benz","CLC180K"
"Mercedes-Benz","CLC230"
"Mercedes-Benz","CLK200K"
"Mercedes-Benz","CLK230"
"Mercedes-Benz","CLK230ML"
"Mercedes-Benz","CLK280"
"Mercedes-Benz","CLS350"
"Mercedes-Benz","CLS400"
"Mercedes-Benz","CLS500"
"Mercedes-Benz","CLS55"
"Mercedes-Benz","Diesel"
"Mercedes-Benz","E200"
"Mercedes-Benz","E200d"
"Mercedes-Benz","E200K"
"Mercedes-Benz","E200ML"
"Mercedes-Benz","E220d"
"Mercedes-Benz","E230"
"Mercedes-Benz","E240"
"Mercedes-Benz","E250"
"Mercedes-Benz","E300"
"Mercedes-Benz","E320"
"Mercedes-Benz","E350"
"Mercedes-Benz","E400"
"Mercedes-Benz","E43"
"Mercedes-Benz","E63"
"Mercedes-Benz","G350"
"Mercedes-Benz","GL350"
"Mercedes-Benz","GL350d"
"Mercedes-Benz","GL400"
"Mercedes-Benz","GL450"
"Mercedes-Benz","GLA180"
"Mercedes-Benz","GLA200"
"Mercedes-Benz","GLA250"
"Mercedes-Benz","GLA45"
"Mercedes-Benz","GLC200"
"Mercedes-Benz","GLC250"
"Mercedes-Benz","GLC250d"
"Mercedes-Benz","GLC43"
"Mercedes-Benz","GLE400"
"Mercedes-Benz","GLE43"
"Mercedes-Benz","GLE63"
"Mercedes-Benz","GLS400"
"Mercedes-Benz","ML250"
"Mercedes-Benz","ML300"
"Mercedes-Benz","ML350"
"Mercedes-Benz","ML400"
"Mercedes-Benz","ML63"
"Mercedes-Benz","R280L"
"Mercedes-Benz","R300L"
"Mercedes-Benz","R350L"
"Mercedes-Benz","S280"
"Mercedes-Benz","S300L"
"Mercedes-Benz","S320L"
"Mercedes-Benz","S350"
"Mercedes-Benz","S350L"
"Mercedes-Benz","S400L"
"Mercedes-Benz","S500"
"Mercedes-Benz","S500L"
"Mercedes-Benz","S600L"
"Mercedes-Benz","Saloon"
"Mercedes-Benz","SL280"
"Mercedes-Benz","SL320"
"Mercedes-Benz","SL350"
"Mercedes-Benz","SL400"
"Mercedes-Benz","SL500"
"Mercedes-Benz","SL63"
"Mercedes-Benz","SLK200"
"Mercedes-Benz","SLK200K"
"Mercedes-Benz","SLK230"
"Mercedes-Benz","SLK250"
"Mercedes-Benz","SLK280"
"Mercedes-Benz","SLK300"
"Mercedes-Benz","SLK350"
"Mercedes-Benz","SLK55"
"Mercedes-Benz","SLS"
"Mercedes-Benz","V220"
"Mercedes-Benz","V250"
"Mercedes-Benz","Viano"
"Mercedes-Benz","Vito"
"MG","F"
"MG","MGB"
"MG","TD"
"MINI","Cooper"
"MINI","John"
"MINI","One"
"Mitsubishi","Airtrek"
"Mitsubishi","ASX"
"Mitsubishi","Attrage"
"Mitsubishi","Canter"
"Mitsubishi","Colt"
"Mitsubishi","Delica"
"Mitsubishi","Evolution"
"Mitsubishi","FB70"
"Mitsubishi","FE83"
"Mitsubishi","FE84"
"Mitsubishi","FP51"
"Mitsubishi","FTO"
"Mitsubishi","Fuso"
"Mitsubishi","Grandis"
"Mitsubishi","i"
"Mitsubishi","L200"
"Mitsubishi","L300"
"Mitsubishi","Lancer"
"Mitsubishi","Minicab"
"Mitsubishi","Outlander"
"Mitsubishi","Pajero"
"Mitsubishi","RM117N"
"Mitsubishi","Rosa"
"Mitsubishi","Triton"
"Mitsuoka","Himiko"
"Morris","Mini"
"Morris","Minor"
"Nissan","200SX"
"Nissan","Almera"
"Nissan","Atlas"
"Nissan","Cabstar"
"Nissan","Cefiro"
"Nissan","CGB45"
"Nissan","CWB45"
"Nissan","Double-Cab"
"Nissan","Dualis"
"Nissan","Elgrand"
"Nissan","Fairlady"
"Nissan","GTR"
"Nissan","JP252P"
"Nissan","Juke"
"Nissan","Lafesta"
"Nissan","Latio"
"Nissan","March"
"Nissan","MKB37"
"Nissan","Murano"
"Nissan","Navara"
"Nissan","Note"
"Nissan","NV200"
"Nissan","NV350"
"Nissan","PKC37"
"Nissan","Presage"
"Nissan","Pulsar"
"Nissan","Qashqai"
"Nissan","Serena"
"Nissan","Silvia"
"Nissan","Single-Cab"
"Nissan","Skyline"
"Nissan","Sunny"
"Nissan","Sylphy"
"Nissan","Teana"
"Nissan","Urvan"
"Nissan","X-Trail"
"Nissan","YU41"
"Opel","Adam"
"Opel","Astra"
"Opel","Astra-H"
"Opel","Astra-J"
"Opel","Astra-K"
"Opel","Cascada"
"Opel","Combo"
"Opel","Corsa"
"Opel","Corsa-D"
"Opel","Crossland"
"Opel","Insignia"
"Opel","Manta"
"Opel","Meriva"
"Opel","Mokka"
"Opel","Vivaro"
"Opel","Zafira"
"Perodua","Axia"
"Perodua","Bezza"
"Perodua","Kelisa"
"Perodua","Kembara"
"Perodua","Kenari"
"Perodua","Myvi"
"Perodua","Viva"
"Peugeot","107"
"Peugeot","2008"
"Peugeot","207"
"Peugeot","207CC"
"Peugeot","208"
"Peugeot","3008"
"Peugeot","308"
"Peugeot","308CC"
"Peugeot","408"
"Peugeot","5008"
"Peugeot","508"
"Peugeot","Expert"
"Peugeot","Partner"
"Peugeot","RCZ"
"Porsche","356B"
"Porsche","718"
"Porsche","911"
"Porsche","924"
"Porsche","944"
"Porsche","Boxster"
"Porsche","Cayenne"
"Porsche","Cayman"
"Porsche","Macan"
"Porsche","Panamera"
"Proton","Exora"
"Proton","Gen"
"Proton","Persona"
"Proton","Saga"
"Proton","Satria"
"Proton","Savvy"
"Renault","Captur"
"Renault","Clio"
"Renault","Fluence"
"Renault","Grand"
"Renault","Kadjar"
"Renault","Kangoo"
"Renault","Koleos"
"Renault","Laguna"
"Renault","Latitude"
"Renault","Megane"
"Renault","Trafic"
"Rolls-Royce","Corniche"
"Rolls-Royce","Ghost"
"Rolls-Royce","Phantom"
"Rolls-Royce","Silver"
"Rolls-Royce","Wraith"
"Rover","216"
"Saab","9-3"
"Saab","9-5"
"Saab","900"
"Scania","KIB4X2"
"Scania","P380"
"Scania","P400"
"SEAT","Alhambra"
"SEAT","Ibiza"
"SEAT","Leon"
"Skoda","Fabia"
"Skoda","Kodiaq"
"Skoda","Octavia"
"Skoda","Roomster"
"Skoda","Superb"
"Skoda","Yeti"
"Smart","Forfour"
"Smart","Fortwo"
"Ssangyong","Actyon"
"Ssangyong","Musso"
"Ssangyong","Rexton"
"Ssangyong","Tivoli"
"Subaru","BRZ"
"Subaru","Exiga"
"Subaru","Forester"
"Subaru","Impreza"
"Subaru","Legacy"
"Subaru","Levorg"
"Subaru","Outback"
"Subaru","R1"
"Subaru","R2"
"Subaru","Tribeca"
"Subaru","WRX"
"Subaru","XV"
"Suzuki","Alto"
"Suzuki","APV"
"Suzuki","Cappuccino"
"Suzuki","Ciaz"
"Suzuki","Escudo"
"Suzuki","Every"
"Suzuki","Grand"
"Suzuki","Ignis"
"Suzuki","Jimny"
"Suzuki","Kizashi"
"Suzuki","Lapin"
"Suzuki","Liana"
"Suzuki","LJ80"
"Suzuki","Solio"
"Suzuki","Splash"
"Suzuki","Stingray"
"Suzuki","Swift"
"Suzuki","SX4"
"Suzuki","Vitara"
"Tata","Daewoo"
"TD","2000"
"TD","2000A"
"Toyota","86"
"Toyota","Allion"
"Toyota","Alphard"
"Toyota","Aqua"
"Toyota","Auris"
"Toyota","Avanza"
"Toyota","Aygo"
"Toyota","bB"
"Toyota","C-HR"
"Toyota","Caldina"
"Toyota","Camry"
"Toyota","Celica"
"Toyota","CH-R"
"Toyota","Coaster"
"Toyota","Corolla"
"Toyota","Corona"
"Toyota","Crown"
"Toyota","Dyna"
"Toyota","Echo"
"Toyota","Esquire"
"Toyota","Estima"
"Toyota","FJ"
"Toyota","Fortuner"
"Toyota","Harrier"
"Toyota","Hiace"
"Toyota","Hilux"
"Toyota","iQ"
"Toyota","ISIS"
"Toyota","IST"
"Toyota","Land"
"Toyota","Lexus"
"Toyota","Liteace"
"Toyota","Mark"
"Toyota","MR2"
"Toyota","MRS"
"Toyota","Noah"
"Toyota","Passo"
"Toyota","Picnic"
"Toyota","Prado"
"Toyota","Premio"
"Toyota","Previa"
"Toyota","Prius"
"Toyota","ProAce"
"Toyota","Ractis"
"Toyota","Rav4"
"Toyota","Regius"
"Toyota","Rush"
"Toyota","Sera"
"Toyota","Sienta"
"Toyota","Soluna"
"Toyota","Starlet"
"Toyota","Townace"
"Toyota","Vanguard"
"Toyota","Vellfire"
"Toyota","Vios"
"Toyota","Vitz"
"Toyota","Voxy"
"Toyota","Wish"
"Toyota","Yaris"
"Triumph","Spitfire"
"UD","Condor"
"UD","Trucks"
"Volkswagen","Arteon"
"Volkswagen","Beetle"
"Volkswagen","Caddy"
"Volkswagen","CC"
"Volkswagen","CrossPolo"
"Volkswagen","Eos"
"Volkswagen","Golf"
"Volkswagen","Jetta"
"Volkswagen","Karmann"
"Volkswagen","Kombi"
"Volkswagen","New"
"Volkswagen","Passat"
"Volkswagen","Polo"
"Volkswagen","Scirocco"
"Volkswagen","Sharan"
"Volkswagen","Sportsvan"
"Volkswagen","Tiguan"
"Volkswagen","Touareg"
"Volkswagen","Touran"
"Volkswagen","Transporter"
"Volvo","740"
"Volvo","C30"
"Volvo","C70"
"Volvo","S40"
"Volvo","S60"
"Volvo","S60R"
"Volvo","S70"
"Volvo","S80"
"Volvo","S90"
"Volvo","V40"
"Volvo","V50"
"Volvo","V60"
"Volvo","V70"
"Volvo","V90"
"Volvo","XC60"
"Volvo","XC90"
"Yutong","ZK6107H"
"Zotye","XS6400"
